employeenumber,username,password
0,Matibag,Admin
0,Giltendez,Admin
0,Parocha,Admin
0,Roldan,Admin
0,Caparas,Admin
0,Ocampo,Admin
1,a,a
2,alim,hFmjDw7t
3,baquino,t4Q5DuHA
4,ireyes,zaMR1vbA
5,ehernandez,gPBAqASX
6,avillanueva,A4CeHGFz
7,bsanjose,yCbDp8PK
8,aromualdez,x7EUShjl
9,ratienza,E9JymdJj
10,ralvaro,aKMebILV
11,asalcedo,cHRcjyXP
12,jlopez,7ZASyfXM
13,mfarala,FMBqewoA
14,lmartinez,fzw7aMvu
15,fromualdez,H5HIxpFB
16,cmata,OnG2gUBd
17,sdeleon,67Hr6JqR
18,asanjose,9gSSyBPz
19,crosario,4LedUTd6
20,mbautista,UDrBPFT6
21,dlazaro,vexdNlgR
22,kdelos santos,4OtcS4lM
23,vsantos,QxGY6bPi
24,tdel rosario,JdBoz9XW
25,jtolentino,x4ZPanxY
26,pgutierrez,lAS9tTsA
27,gmanalaysay,w98cmos5
28,lvillegas,yYOoPC3x
29,cramos,BW2C574k
30,emaceda,lv5hUnZL
31,daguilar,Oz5fxlUT
32,jcastro,0Uqi19wr
33,cmartinez,o6mWglRj
34,bsantos,uEkkxoLY
